id;code_garantie_technique;code_etat_garantie;date_adhesion_garantie;date_radiation_garantie;code_assureur;code_formule;code_pack;type_pack;titre_pack;code_sous_pack;type_sous_pack;titre_sous_pack;code_type_prestations
1;yellowish;first;2025-07-25;2025-07-24;gadzooks famously;throughout;worth;superb;shaft nor save;voluntarily wisely instead;battle partridge wetly;tragic forgather yippee;opposite diver empty
2;fat;now plus tightly;2025-07-24;2025-07-24;wherever justly;defenseless minister;quintessential;presell once smart;pace in;worth;than fluff acidly;savour brightly;sadly hexagon
3;whereas;infamous birth selfish;2025-07-25;2025-07-24;intervention;likely bah;without ouch fishery;ew before;galvanize exaggerate;atop;gee likewise;understanding;tinderbox underneath
4;language swim given;unwritten;2025-07-24;2025-07-24;stake;lest;gadzooks;sad shush about;following dreary;apropos;outrun openly;because sonar quaver;for
5;carp;atomize blah cleverly;2025-07-24;2025-07-24;gadzooks during staid;till;excited through that;from lest;gee nicely until;for polarisation sit;gently;bakeware unto;hence spirited positively
6;fill;bin pfft;2025-07-25;2025-07-25;pace than since;fooey;for because plumber;team;moist true timely;wombat smoothly;shrill;from after writhing;separately
7;hunger charm;biodegrade;2025-07-24;2025-07-24;ouch;openly;to collectivization joyously;with;yowza micromanage aw;inasmuch about;uproot;splash celebrated;brandish
8;yogurt;gah bathrobe section;2025-07-25;2025-07-24;poor;circular;huzzah;which;huzzah sugary rubric;dissemble amongst nor;um inasmuch;service;between founder republican
9;desk oof;ick glittering beside;2025-07-25;2025-07-25;elevation uh-huh though;considering fairly what;below;times phew finally;favorite;brace;yowza;tomatillo far;reassuringly after
10;about weakly weary;but charlatan;2025-07-25;2025-07-25;uh-huh;lest along whale;quaintly;daily;round than voluntarily;scheme since;circa;miscalculate;respectful papa prime
